[
    {
        "color":0,
        "degree":3,
        "form":0,
        "knots":[
            0.0,
            0.0,
            0.0,
            1.0,
            2.0,
            2.0,
            2.0
        ],
        "points":[
            [
                -13.87596899224817,
                0.0,
                -4.941860465116315
            ],
            [
                -14.144056847545325,
                0.0,
                -3.2816537467700493
            ],
            [
                -14.680232558139569,
                0.0,
                0.03875968992248957
            ],
            [
                -12.154392764857885,
                0.0,
                -0.5943152454780322
            ],
            [
                -10.891472868217035,
                0.0,
                -0.9108527131782926
            ]
        ]
    }
]