[
    {
        "color":20,
        "degree":3,
        "form":0,
        "knots":[
            0.0,
            0.0,
            0.0,
            1.0,
            2.0,
            3.0,
            3.0,
            3.0
        ],
        "points":[
            [
                -12.997083621828471,
                -0.0,
                5.455565964718349
            ],
            [
                -11.788301359057598,
                -0.0,
                7.193859041711879
            ],
            [
                -9.370736833515783,
                -0.0,
                10.670445195698873
            ],
            [
                -5.359291271223022,
                -0.0,
                7.701975479602152
            ],
            [
                -6.921080743475689,
                -0.0,
                4.760248733920895
            ],
            [
                -7.7019754796020035,
                -0.0,
                3.2893853610802464
            ]
        ]
    }
]