[
    {
        "color":13,
        "degree":3,
        "form":0,
        "knots":[
            0.0,
            0.0,
            0.0,
            1.0,
            2.0,
            3.0,
            3.0,
            3.0
        ],
        "points":[
            [
                -8.120300751879793,
                0.0,
                -1.9172932330829529
            ],
            [
                -7.644110275689319,
                0.0,
                -2.3508771929827077
            ],
            [
                -6.691729323308321,
                0.0,
                -3.2180451127821956
            ],
            [
                -10.451127819548848,
                0.0,
                -5.172932330827295
            ],
            [
                -6.566416040100275,
                0.0,
                -5.634085213032836
            ],
            [
                -4.624060150375962,
                0.0,
                -5.86466165413559
            ]
        ]
    }
]